Dimitris	male	010200000008000000000000000000F03FE162450DA661E6BF000000000000004095BBCFF1D1E2B0BF00000000000008408907944DB9C2D7BF000000000000104031D120054F21B33F0000000000001440253B3602F1BAD8BF00000000000018402D944C4EED0CA33F0000000000001C405EF415A4198BD6BF0000000000002040B6A0F7C610008C3F
Flower	female	010200000008000000000000000000F03F94F6065F984CF3BF000000000000004072A774B0FECFE5BF00000000000008402497FF907EFBF0BF00000000000010407E18213CDA38E2BF000000000000144069006F8104C5F1BF00000000000018406DC5FEB27BF2E0BF0000000000001C40B875374F75C8ECBF000000000000204095826E2F698CDEBF
Kiki	female	010200000008000000000000000000F03FA4880CAB7823EABF0000000000000040422619390B7BDABF000000000000084037FDD98F1491E4BF0000000000001040020EA14ACD1ED6BF000000000000144025AFCE31207BE5BF000000000000184014E813799274D3BF0000000000001C40C4995FCD0182E2BF000000000000204033DC80CF0F23C4BF
Mitsos	male	010200000008000000000000000000F03F742497FF907EF2BF0000000000000040DCF4673F5244CEBF00000000000008401AA88C7F9F71E3BF0000000000001040E1B4E0455F41DABF000000000000144012143FC6DCB5EEBF00000000000018402A08D451C4D878BF0000000000001C40BB0A293FA9F6CDBF0000000000002040643F8BA548BE92BF
Nikos	male	010200000008000000000000000000F03FDD0C37E0F3C3CCBF0000000000000040C66D3480B740E03F00000000000008404223D8B8FE5DB33F00000000000010406BD44334BA83E53F0000000000001440B05582C5E1CCBFBF0000000000001840D0B87020240BE63F0000000000001C404209336DFFCACE3F0000000000002040D925AAB706B6D63F
Pantelis	male	010200000008000000000000000000F03F5C8FC2F5285CF0BF000000000000004089EFC4AC1743DBBF00000000000008407155D97745F0E2BF0000000000001040AF946588635DBCBF0000000000001440B806B64AB038EABF0000000000001840904946CEC29ED6BF0000000000001C40850838842A35E0BF00000000000020409B20EA3E00A9C53F
Pap	male	010200000008000000000000000000F03FD122DBF97E6AF6BF00000000000000405CAB3DEC8502B2BF0000000000000840E8DEC325C79DDEBF0000000000001040E5D022DBF97ECA3F00000000000014403A0664AF777FE5BF0000000000001840CB10C7BAB88DBE3F0000000000001C406362F3716DA8E2BF0000000000002040DE8E705AF0A2D13F
Petros	male	010200000008000000000000000000F03FF7B41E190687823F0000000000000040C30DF8FC3042DE3F0000000000000840815B77F35487C03F0000000000001040598638D6C56DE23F0000000000001440C423F1F274AEA83F00000000000018406A1327F73B14E33F0000000000001C40B3EA73B515FBCF3F0000000000002040EE42739D465ADE3F
Roula	female	010200000008000000000000000000F03FA1D634EF3845FBBF000000000000004095607138F3ABE6BF00000000000008405305A3923A01EFBF0000000000001040BB270F0BB5A6E4BF00000000000014409EEFA7C64B37F5BF0000000000001840338AE5965643DCBF0000000000001C40FC6F253B3602E6BF000000000000204067D5E76A2BF6DDBF
Zaq	male	010200000008000000000000000000F03F1C5F7B664980CEBF0000000000000040A9D903ADC090D33F0000000000000840276BD44334BABBBF00000000000010404FAF94658863E13F00000000000014406FD8B628B341C6BF0000000000001840F931E6AE25E4D93F0000000000001C40919C4CDC2A88A13F0000000000002040C7116BF12900DA3F
